{"cameraMode":{"drawMode":0,"name":"Shaded","section":"Shading Mode"},"sceneLighting":false,"audioPlay":false,"sceneViewState":{"m_AlwaysRefresh":false,"showFog":true,"showSkybox":false,"showFlares":true,"showImageEffects":true,"showParticleSystems":true,"showVisualEffectGraphs":true,"m_FxEnabled":true},"in2DMode":false,"pivot":{"x":12.097288131713868,"y":22.404747009277345,"z":17.15363883972168},"rotation":{"x":0.5588110685348511,"y":0.005164857022464275,"z":-0.0034062049817293884,"w":0.8295401334762573},"size":14.379154205322266,"orthographic":false}